author,id,date,permalink,body,score,subreddit
investing_me,kwsc2e7,2024-03-27,/r/ETFs/comments/1boyqg6/375qqq125tqqq375voo125upro/kwsc2e7/,Just buy VOO at this point,6,ETFs
iamfredrick,kwv4b7y,2024-03-27,/r/ETFs/comments/1bpdnmd/schg_schd_vs_voo/kwv4b7y/,"Voo & schg have 53% overlap. Past results don‚Äôt predict future returns but schg has consistently beat voo over the past decade. 53% of the stocks help by both etf are the same but they ain‚Äôt the same etf, not entirely. I have both in my portfolio and I personally lean heavy on schg actually in my Roth. Remember tho that investing isn‚Äôt a monolith. Good luck on your journey.",3,ETFs
Fun_Grapefruit_3416,kwvj6cq,2024-03-27,/r/ETFs/comments/1bpdnmd/schg_schd_vs_voo/kwvj6cq/,"Schd + Schg makes up the majority of voo. Just buy voo, or better yet buy VTI",2,ETFs
rem14,kwvnzn8,2024-03-27,/r/ETFs/comments/1bpdnmd/schg_schd_vs_voo/kwvnzn8/,13% overlap with VOO and less than 1% overlap with SCHG,2,ETFs
Strong_Ask1808,kwzy9g2,2024-03-28,/r/ETFs/comments/1bq2hk5/voo_vgt_vti/kwzy9g2/,"Majority of VGT is in VOO, so there‚Äôs a lot of overlap again.",8,ETFs
NativeTxn7,kwwq3xp,2024-03-28,/r/ETFs/comments/1bpdnmd/schg_schd_vs_voo/kwwq3xp/,"No way to know honestly, Large growth has had a huge run over the last 3-5 years, but there is no way to know for sure if that will continue, and if it does, for how long. There is a LOT of recency bias out there right now and people are thinking that these huge tech names can't miss, but again, there is no way to know exactly what the future holds. If you go back over the historical records, value and growth have taken turns outpacing the other over various periods. Growth has been superior over the last 5-10 years.

To a certain extent, I would argue that VOO is currently a proxy for a tech fund anyway, but you get some additional diversification over a pure tech fund.

I mean, if you look at VOO, you have MSFT, AAPL, NVDA, AMZN, META, GOOGL, GOOG, and AVGO making up 8 of the top 10 holdings and accounting for 29.07% of the entire S&P 500. TSLA sits at #11 and would make that total about 30.37% in just 9 out of 500 holdings.

So, it's already pretty heavily concentrated in ""tech"" - not as heavily concentrated as something like SCHG, but still plenty of exposure.

At the end of the day, if you'd tilted toward SCHG in a 60/40 or 65/35 split over the last decade or so, you'd be better off than having been in VOO (though VOO would have still done very well).

[https://www.portfoliovisualizer.com/backtest-portfolio#analysisResults](https://www.portfoliovisualizer.com/backtest-portfolio#analysisResults)

So, if you are confident that growth will continue to outperform, then tilting toward growth makes sense.

The hardest thing about ""tilting"" is when your tilts are not working in your favor. Let's say that you tilted 65/35 growth/value and starting tomorrow value outperformed growth for the next 5 years, would you have the discipline to stick with the tilt so that when things switch back to growth outpacing value you'll get that benefit.

There will be a lot of people telling you that you're really young and to concentrate your holdings into growth. But as I said, there's a tremendous amount of recency bias coupled with assumptions about ""tech not going anywhere"" type of thinking about things moving forward that are leading people to those conclusions.

Bottom line, you'll likely be fine with whatever path you choose as long as you stick with your plan and keep putting money in through ups and downs.",3,ETFs
Living-Replacement33,kwwfkf6,2024-03-28,/r/ETFs/comments/1bpdnmd/schg_schd_vs_voo/kwwfkf6/,"I have SCHD+SCHG in my tax deferred accts ,nice about having them separate is that you can tweak the weights depending on the market‚Ä¶something you can‚Äôt do with VOO, so far is been great‚Ä¶.",2,ETFs
Glass-Lifeguard1919,kx05syd,2024-03-28,/r/ETFs/comments/1bq2hk5/voo_vgt_vti/kx05syd/,"There are several reasons why you want SCHD in a portfolio.

1. SCHD invests in safer & more stable stocks, so the floor is lower in bear markets.
2. Diversification is another reason. VOO & SCHD only have an 8% overlap meaning they compliment each other well.
3. Another reason is capital gains taxes. When you get ready to retire, at least for the majority of us, we aren't going to be able retire on 1.4% dividends. So you will have to sell your VOO to buy into stocks like SCHD when you do get ready to retire. Depending on how much you sell 150-300k in taxes could be likely, and thats not even taking into cosideration that the gov raises cap gains.
4. Dividend appreciation. SCHD increases its dividends every year, so if you get a base position now... in 20-30 years like you are suggesting, your APY on cost might be something like 25-30%. You'd just have to do the math on the dividend appreciation. Look at what Warren Buffett gets paid every year from just holding KO for 30 years... I personally want to be able to live off dividends so I can pass the original capital investment on to my children. SCHD gets those dividends appreciating.",10,ETFs
Glass-Lifeguard1919,kx026iu,2024-03-28,/r/ETFs/comments/1bq2hk5/voo_vgt_vti/kx026iu/,"SP 500 is going to overlap with a lot of growth stocks.  For example, here are the overlaps with VOO & other popular growth ETFs  
VGT- 30%  
VUG - 56%  
SCHG - 53%  
QQQM - 46%

VGT has the least overlap of all four.  VOO is king for a reason.",2,ETFs
Strong_Ask1808,kx022xp,2024-03-28,/r/ETFs/comments/1bq2hk5/voo_vgt_vti/kx022xp/,"QQQM is considerably more expensive than VOO too. Maybe throw a little international in there for diversity/risk mitigation like VXUS (still has 7% NAM) or VT (35% NAM) or go right out there and consider VEU. doesn‚Äôt have to be a big holding, just enough to add some diversity.",1,ETFs
Hancock02,kwwa20h,2024-03-28,/r/ETFs/comments/1bpdnmd/schg_schd_vs_voo/kwwa20h/,"In the end, they will probably track about the same. You'll be saving money in fees by sticking with voo. on the other hand you can rebalance the 2 depending on Market conditions.",1,ETFs
Wrongdoer_Jazzlike,kx0cjoi,2024-03-28,/r/ETFs/comments/1bq2hk5/voo_vgt_vti/kx0cjoi/,Love the SCHG play with VOO (or VTI). I recently added ICMG for a mid cap growth play too - a little tech heavier than I wanted but with a long time horizon not that worried.,4,ETFs
Pancake80,kwzyrh7,2024-03-28,/r/ETFs/comments/1bq2hk5/voo_vgt_vti/kwzyrh7/,VOO,10,ETFs
NativeTxn7,kwwo4av,2024-03-28,/r/ETFs/comments/1bpdnmd/schg_schd_vs_voo/kwwo4av/,"To me, the only real reason to split our from a blend index (like VOO) is if you want to tilt more toward growth or value. I don't really see the point of holding a separate growth and value ETF if you're just going to split them 50/50. But if you're going to tilt one way at least 60/40 (maybe even 65/35 or more), then it can make sense to split them out.",2,ETFs
Glockman19,kx0prjh,2024-03-28,/r/ETFs/comments/1bq2hk5/voo_vgt_vti/kx0prjh/,"VGT or VUG. You‚Äôve got time on your side and tech is the future.
You could do a VGT/VOO split 50/50 or VUG/SCHD 50/50.",0,ETFs
hckrsh,kwzq0x9,2024-03-28,/r/ETFs/comments/1bq2hk5/voo_vgt_vti/kwzq0x9/,Pick one VOO or VTI,45,ETFs
DITPiranha,kx0qfv5,2024-03-28,/r/ETFs/comments/1bq2hk5/voo_vgt_vti/kx0qfv5/,"30% VOO, 30% QQQ, 10% VYM, 10% BND, 10% Mixed Value (e.g., Berk.b and others), 5% ACWX (or other intl ETF), 5% OUNZ (or real gold)",1,ETFs
literanch,kx0acn1,2024-03-28,/r/ETFs/comments/1bq2hk5/voo_vgt_vti/kx0acn1/,"Given you age, just buy VOO",9,ETFs
VT_Sucks,kx04i4r,2024-03-28,/r/ETFs/comments/1bq2hk5/voo_vgt_vti/kx04i4r/,VOO,4,ETFs
iamfredrick,kwzqlz1,2024-03-28,/r/ETFs/comments/1bq2hk5/voo_vgt_vti/kwzqlz1/,"Investing isn‚Äôt a monolith.

But I think you should choose one between VOO & VTI. 100% of VOO is theoretically in VTI.

Consider SCHG or VUG over VGT. VGT is a growth sector(tech) etf. SCHG or VUG are multi-sector growth etf, kinda balance risk a little and performances are similar between the 3.

In theory, something like 50% VOO/VTI and 50% SCHG/VUG. Do your research tho. These are opinions and consider QQQM as another multi-sector growth etf.",18,ETFs
hlyyyy,kx0ejrx,2024-03-28,/r/ETFs/comments/1bq2hk5/voo_vgt_vti/kx0ejrx/,If i were you: $VOO 30% $AVUV 20% $QQQM $20% $SOXQ 20% $NVDA 5% $ISRG 5%. Enjoy beating the market.,3,ETFs
Kriskwon502,kx1aj5k,2024-03-28,/r/ETFs/comments/1bq2hk5/voo_vgt_vti/kx1aj5k/,Voo is the future!!,2,ETFs
horizonreverie,kx0h9cz,2024-03-28,/r/ETFs/comments/1bq2hk5/voo_vgt_vti/kx0h9cz/,"What about both S&P 500 and NASDAQ? 

Would something like VOO + QQQ be viable?",1,ETFs
Glass-Lifeguard1919,kwzre5s,2024-03-28,/r/ETFs/comments/1bq2hk5/voo_vgt_vti/kwzre5s/,"VOO & VTI are the same thing basically.  VTI just has a slight exposure to more funds.  However the etfs have an 86% overlap.  Just replace the VTI with SCHD.  If you are going to let it sit for 20+ years, I'd also up your VOO to 60%

60% VOO  
20% SCHD  
20% VGT

EDIT: You could also look into VUG, SCHG, or QQQM to replace VGT as your growth play.  However I also think Tech will continue to be strongth over the next decade.",12,ETFs
Outkast300,kx1o37r,2024-03-29,/r/ETFs/comments/1bq2hk5/voo_vgt_vti/kx1o37r/,"Monte Carlo tests say this is ideal: 

VOO
Vanguard S&P 500 ETF
25.00%
VUG
Vanguard Growth ETF
30.00%

SCHD Schwab US Dividend Equity
ETF
5.00%
VGT
Vanguard Information
Technology ETF
40.00%",1,ETFs
teckel,kx48m9l,2024-03-29,/r/ETFs/comments/1bq2hk5/voo_vgt_vti/kx48m9l/,"VTI if you want to own 'em all, VOO if you just want to own the successful ones.",1,ETFs
teckel,kx47y43,2024-03-29,/r/ETFs/comments/1bq2hk5/voo_vgt_vti/kx47y43/,"VTI is too diluted in my opinion.  I'd go with 80% VOO and 20% AVUV to get the large and small caps, then rebalance every few years.

Also, it's very important where you invest this.  I would HIGHLY suggest opening a Roth IRA and doing the max contributions for both 2023 and 2024.  The rest you can put in a brokerage account.   But in both accounts, do a 80/20 split.",1,ETFs
warriorofdecaf,kx3ktnw,2024-03-29,/r/ETFs/comments/1bq2hk5/voo_vgt_vti/kx3ktnw/,"I would do 40% VOO, 30% SCHD, 30% SCHG",1,ETFs
penduR7,kx1hy5r,2024-03-29,/r/ETFs/comments/1bq2hk5/voo_vgt_vti/kx1hy5r/,VOO and VTI are basically the same thing (86% correlation). Just pick one.,1,ETFs
MONGSTRADAMUS,kx1yx8m,2024-03-29,/r/ETFs/comments/1bqbfuc/are_voo_ftec_vbr_the_way_to_go/kx1yx8m/,"I am not the biggest fan of vbr for scv exposure, mainly because I feel like it has a lot of exposure in mid caps as opposed to small caps. I started off with VBR, but migrated to viov, and then finally to avuv for my small cap value exposure. 

I personally wouldn't want to to tilt almost everything into tech and large cap growth. VOO/IVV/SPLG and all sp500 index funds are pretty tilted into tech and large cap growth already imo.",1,ETFs
MONGSTRADAMUS,kx1yw4n,2024-03-29,/r/ETFs/comments/1bqbfuc/are_voo_ftec_vbr_the_way_to_go/kx1yw4n/,"I am not the biggest fan of vbr for scv exposure, mainly because I feel like it has a lot of exposure in mid caps as opposed to small caps. I started off with VBR, but migrated to viov, and then finally to avuv for my small cap value exposure. 

I personally wouldn't want to to tilt almost everything into tech and large cap growth. VOO/IVV/SPLG and all sp500 index funds are pretty tilted into tech and large cap growth already imo.",1,ETFs
_blockchainlife,kx1idy6,2024-03-29,/r/ETFs/comments/1bqbfuc/are_voo_ftec_vbr_the_way_to_go/kx1idy6/,You‚Äôre not late. If you live to 80 you have like 47 years of growth. That‚Äôs a ton of time. 100% VOO.,2,ETFs
Such_Editor_8194,kx2ijly,2024-03-29,/r/ETFs/comments/1bqcsjb/does_anyone_else_only_have_voo_in_their_roth/kx2ijly/,VOO is effectively a tech index.,1,ETFs
iPiglet,kx1whwn,2024-03-29,/r/ETFs/comments/1bqcsjb/does_anyone_else_only_have_voo_in_their_roth/kx1whwn/,"I started a bit late, but have been focused on adding VTI or VOO. Had VTI before, but recently switched to VOO. They track similarly, but I think I should have been adding VOO from the start.",5,ETFs
Scipio555,kx3350y,2024-03-29,/r/ETFs/comments/1bqcsjb/does_anyone_else_only_have_voo_in_their_roth/kx3350y/,"I think what he meant is that for example you want to tilt more towards US, you can add shares of something like VOO or VTI alongside VT to increase your exposure.",1,ETFs
WhosUnd3ad,kx1v8ql,2024-03-29,/r/ETFs/comments/1bqcsjb/does_anyone_else_only_have_voo_in_their_roth/kx1v8ql/,"Im 19 and started my journey last December, voo is the best ETF u can buy

https://preview.redd.it/r1wohqu7l6rc1.jpeg?width=1080&format=pjpg&auto=webp&s=a384943b048ba8c9a4f389b73106eb121292c72b",4,ETFs
nantanlupancbq,kx2dysi,2024-03-29,/r/ETFs/comments/1bqcsjb/does_anyone_else_only_have_voo_in_their_roth/kx2dysi/,Is VOO too high to keep buying?,0,ETFs
plentyofsunshine2day,kx21b95,2024-03-29,/r/ETFs/comments/1bqcsjb/does_anyone_else_only_have_voo_in_their_roth/kx21b95/,"At your age, I would stick with VOO as your primary ETF.  I think that VOO is diversified enough (500 very large US companies) if you're prioritizing growth.  And, at your age, most people are prioritizing growth.

As you get older, there is wisdom in further diversification.

Check out r/Bogleheads!",0,ETFs
CheeseburgersLOL,kx22fd3,2024-03-29,/r/ETFs/comments/1bqcsjb/does_anyone_else_only_have_voo_in_their_roth/kx22fd3/,Saying VTI wasn‚Äôt doing much and switch to VOO doesn‚Äôt make sense. VTI is something like 85% the exact same as VOO. Believe VTI just has slight bit more exposure to small caps. On any given day they will both perform almost identical.,13,ETFs
teckel,kx48ra1,2024-03-29,/r/ETFs/comments/1bq2hk5/voo_vgt_vti/kx48ra1/,VOO/QQQM/AVUV,1,ETFs
beachmasterbogeynut,kx3qsqo,2024-03-29,/r/ETFs/comments/1bq2hk5/voo_vgt_vti/kx3qsqo/,"Not gonna lie, when people say VOO and VTI are the same thing is drives me nuts. Returns are similar, but they are totally different indices. VTI literally has over 3,000 more holdings than VOO.",2,ETFs
Such_Editor_8194,kx3l2op,2024-03-29,/r/ETFs/comments/1bqcsjb/does_anyone_else_only_have_voo_in_their_roth/kx3l2op/,Far from it? VOO is 53% large cap growth. 31% tech. Why would you add a tech fund on top of that?,4,ETFs
Xenikovia,kx1ywut,2024-03-29,/r/ETFs/comments/1bqcsjb/does_anyone_else_only_have_voo_in_their_roth/kx1ywut/,A lot of people have done worse than just VOO.,1,ETFs
Willllll23,kx6k41f,2024-03-29,/r/ETFs/comments/1bqygj6/is_voog_a_good_option_for_a_younger_investor/kx6k41f/,I‚Äôve seen VOOG and VONG popping up a lot. Any reason to go with these over VOO?,4,ETFs
Kindly-Pepper7528,kx5d5c8,2024-03-29,/r/ETFs/comments/1bqcsjb/does_anyone_else_only_have_voo_in_their_roth/kx5d5c8/,295 shares of VOO in traditional Ira and VTI in Roth,1,ETFs
Richard100k,kx26o40,2024-03-29,/r/ETFs/comments/1bqcsjb/does_anyone_else_only_have_voo_in_their_roth/kx26o40/,"VOO, VXUS, SCHD
70/10/20",1,ETFs
utfgispa,kx285q8,2024-03-29,/r/ETFs/comments/1bqcsjb/does_anyone_else_only_have_voo_in_their_roth/kx285q8/,"I recently started investing and bought 30 shares of VOO jn Robinhood, is it ok to use RH for my investments or is it mostly for gambling options?",2,ETFs
AXLPendergast,kx3h6bl,2024-03-29,/r/ETFs/comments/1bqcsjb/does_anyone_else_only_have_voo_in_their_roth/kx3h6bl/,I have VOOG,1,ETFs
chilledout5,kx2mqmf,2024-03-29,/r/ETFs/comments/1bqcsjb/does_anyone_else_only_have_voo_in_their_roth/kx2mqmf/,VOO and FBTC.,2,ETFs
Jrperez_3,kx269nc,2024-03-29,/r/ETFs/comments/1bqcsjb/does_anyone_else_only_have_voo_in_their_roth/kx269nc/,I‚Äôve got like 25k in voo,2,ETFs
SpringTucky101,kx2liwx,2024-03-29,/r/ETFs/comments/1bqcsjb/does_anyone_else_only_have_voo_in_their_roth/kx2liwx/,Just Schd and XLK in my Roth. Qqqm and voo in brokerage account.,1,ETFs
AllaboutVOO,kx3rb4v,2024-03-29,/r/ETFs/comments/1bqcsjb/does_anyone_else_only_have_voo_in_their_roth/kx3rb4v/,Just do VOO,1,ETFs
Herocydides,kx22tz3,2024-03-29,/r/ETFs/comments/1bqcsjb/does_anyone_else_only_have_voo_in_their_roth/kx22tz3/,80% VOO 20% SCHD,2,ETFs
Soft_Ear939,kx2byjb,2024-03-29,/r/ETFs/comments/1bqcsjb/does_anyone_else_only_have_voo_in_their_roth/kx2byjb/," Voo, schd, vgt 20/40/40",1,ETFs
hostility_kitty,kx2xrav,2024-03-29,/r/ETFs/comments/1bqcsjb/does_anyone_else_only_have_voo_in_their_roth/kx2xrav/,Yep 100% VOO baby.,2,ETFs
SimpleWork5,kx1xo3h,2024-03-29,/r/ETFs/comments/1bqcsjb/does_anyone_else_only_have_voo_in_their_roth/kx1xo3h/,"I recently started a Roth IRA, but I don't have VOO. I have SPLG, which is basically the same. I also have QQQM and AVUV. 60/20/20 split.",3,ETFs
Rocketsloth,kx1t2v2,2024-03-29,/r/ETFs/comments/1bqcsjb/does_anyone_else_only_have_voo_in_their_roth/kx1t2v2/,"Yes. Probably lots of people on here have it as a large chunk. Started with VOO then started adding IVW instead of VOO later, but they're basically the same.

You could add Small Cap ETF like AVUV, or a Mid Cap ETF

QQQM if you think Tech sector is going to stay strong

SCHG is a good growth ETF",19,ETFs
DreamBenchMark,kx5quzz,2024-03-29,/r/ETFs/comments/1bqygj6/is_voog_a_good_option_for_a_younger_investor/kx5quzz/,"According to the finance literature, growth stocks tend to underperform value stocks. On the other hand, the top holdings of VOOG are quality investments which tend to outperform the market‚Ä¶ so investing in VOOG won‚Äôt be a terrible investment.",2,ETFs
VT_Sucks,kx5rafm,2024-03-29,/r/ETFs/comments/1bqygj6/is_voog_a_good_option_for_a_younger_investor/kx5rafm/,Stick with VOO.,8,ETFs
DaemonTargaryen2024,kx5yjt5,2024-03-29,/r/ETFs/comments/1bqyvfa/voog/kx5yjt5/,"VOOV, but VOO is the mix of those two so if you can do just that it‚Äôll be easier to manage",1,ETFs
DaemonTargaryen2024,kx5wxvx,2024-03-29,/r/ETFs/comments/1bqyvfa/voog/kx5wxvx/,"The answer is diversification. VOOG excludes value, whereas VOO is a blend. And obviously QQQM is very tech heavy  (50% of the fund!) whereas VOO is about 30% tech",1,ETFs
teckel,kx1yyqf,2024-03-29,/r/ETFs/comments/1bqcsjb/does_anyone_else_only_have_voo_in_their_roth/kx1yyqf/,"VOO is a good choice. You could also do some QQQM, QQQJ, XLK or AVUV.   Some overlap a bit, so factor that in when deciding how much to invest in each.",2,ETFs
soviet_toster,kx3z16t,2024-03-29,/r/ETFs/comments/1bqcsjb/does_anyone_else_only_have_voo_in_their_roth/kx3z16t/,Dca voo  every  month  for me,1,ETFs
big-rob512,kx6zr3e,2024-03-30,/r/ETFs/comments/1bqygj6/is_voog_a_good_option_for_a_younger_investor/kx6zr3e/,"Honestly, if you like the reliability of the S&P, just consider using leverage if you contribute regularly margin is fine, otherwise SSO or UPRO to whatever percentage your comfortable with in conjunction with voo and rebalance yearly. Look up the kelly criterion if you really want to get into it.",3,ETFs
HiNdSiGhT1982,kxbhxko,2024-03-30,/r/ETFs/comments/1bpdnmd/schg_schd_vs_voo/kxbhxko/,good points but the cost on booth schd and schg are so small 0.06% 0.04% wouldnt be much. but voo is a top running contender to any stock,1,ETFs
Able-Twist-5894,kx7x1pg,2024-03-30,/r/ETFs/comments/1bqcsjb/does_anyone_else_only_have_voo_in_their_roth/kx7x1pg/,Just got to 100 shares of VOO!,1,ETFs
TheMightySoup,kx7f1vx,2024-03-30,/r/ETFs/comments/1br5qn9/why_is_voo_more_expensive_than_vti/kx7f1vx/,"VOO is a pot of stew with 500 ingredients in it and VTI is a pot of stew with 3,700 ingredients. VTI is cheaper because they don‚Äôt give you as much stew. üòâ",25,ETFs
EugMeister,kxfwshb,2024-03-31,/r/ETFs/comments/1brvug5/i_have_vti_voo_and_spy_what_now/kxfwshb/,"I posted this in another conversation:

I would spread your risk more. International (IEFA), large growth (which you have with SCHG, I use VUG), technology (XLK, SMH), home construction (ITB), S & P 500 (VOO, you have this). I found the only reliable stocks for growth are Visa and Mastercard as cash is used increasingly less. I agree with the other poster to stay away from small caps. For pure growth as you have a long time line, I would say my portfolio is superior.....try to put your 3 funds against my 8 funds on portfoliovisualizer.com. You get better returns and more dividends.

Love to hear some feedback!

https://preview.redd.it/7e371lfn4qrc1.jpeg?width=107&format=pjpg&auto=webp&s=8eee9db361a556b048de405fa133450223f0081f",1,ETFs
DC8008008,kxe2bq3,2024-03-31,/r/ETFs/comments/1brvug5/i_have_vti_voo_and_spy_what_now/kxe2bq3/,IVV and VOO are both 0.03%,2,ETFs
Rand-Seagull96734,kxdnnxl,2024-03-31,/r/ETFs/comments/1brvug5/i_have_vti_voo_and_spy_what_now/kxdnnxl/,"At today's levels, direct new money to VB.  Still has a nice lift left over the next few years. VTI/VOO are likely to go sideways from today's levels.",-1,ETFs
ChrisPDunkinDonuts,kxcb69a,2024-03-31,/r/ETFs/comments/1brvug5/i_have_vti_voo_and_spy_what_now/kxcb69a/,Sell VOO and SPY and move to VTI. This is the way. ü´°,1,ETFs
AICHEngineer,kxbtyct,2024-03-31,/r/ETFs/comments/1brvug5/i_have_vti_voo_and_spy_what_now/kxbtyct/,Don't buy SPY. Buy SPLG. It has a lower expense ratio than VOO and far lower than SPY and they all track the same index.,0,ETFs
Legitimate-Access168,kxcd1j5,2024-03-31,/r/ETFs/comments/1brvug5/i_have_vti_voo_and_spy_what_now/kxcd1j5/,"VOO/VTI/SPY all general fine performers. Total market/world.

Tech is still #1, I suggest 50% more tech, XLK/SMH/FNGS.",0,ETFs
superbilliam,kxem2ml,2024-03-31,/r/ETFs/comments/1brvug5/i_have_vti_voo_and_spy_what_now/kxem2ml/,"Apologies for my being pedantic, but VOO is %0.13 according to Yahoo Finance, and IVV is %0.03.",-2,ETFs
VT_Sucks,kxbz7as,2024-03-31,/r/ETFs/comments/1brvug5/i_have_vti_voo_and_spy_what_now/kxbz7as/,VOO.,-6,ETFs
tinman143,kxdpdrz,2024-03-31,/r/ETFs/comments/1brvug5/i_have_vti_voo_and_spy_what_now/kxdpdrz/,Why all the downvotes for voo?,2,ETFs
MikesMoneyMic,kxbvai5,2024-03-31,/r/ETFs/comments/1brvug5/i_have_vti_voo_and_spy_what_now/kxbvai5/,"SPY is great for selling covered calls and buying 0DTE options. Keep VTI and VOO. Add QQQ, BITO, VYM, SCHD.",0,ETFs
superbilliam,kxeq2uv,2024-03-31,/r/ETFs/comments/1bsah41/dumb_question_but_how_do_you_invest_in_voo/kxeq2uv/,"Type in SPLG on your brokerage and enjoy the lower expense ratio and lower price per share, while also holding the same index as VOO.",2,ETFs
Adventurous_Sky_7936,kxf1cyf,2024-03-31,/r/ETFs/comments/1brvug5/i_have_vti_voo_and_spy_what_now/kxf1cyf/,"I have VOO and VTI in my portfolio.  Fund overlap with slight differences in distribution can be used as a tool in portfolio creation.  VTI would also give you some exposure to small and mid while still heavily weighted in the S&P.  VT with its almost 10000 holdings would be the next evolution in that thought process; still heavy in S&P while slightly increasing exposure to mid, small, and international.  That said I am of the opinion over time the S&P will outperform.  If you do sell Id suggest SPY; its greatest strength is its liquidity and if you‚Äôre long that‚Äôs less of a benefit.  Subsequently the spread would be better on the sale and VOO has a better expense ratio.  That said I wouldn‚Äôt be in a rush to sell.  If you find yourself ahead of the tax man then the sale could be an opportunity for tax loss harvesting.  Say in the future you sell something for a profit and at some point in that same year the S&P is down.  You‚Äôd sell SPY (at a loss) take the proceeds and by VOO.  Your taxes on what you sold for profit would be offset by the ‚Äúloss‚Äù you took on SPY.  In reality you didn‚Äôt really take a loss because you sold your position in the S&P and went right back in to the S&P.  While tax wash rules wouldn‚Äôt apply because these are technically completely different funds.",1,ETFs
DC8008008,kxeuney,2024-03-31,/r/ETFs/comments/1brvug5/i_have_vti_voo_and_spy_what_now/kxeuney/,https://investor.vanguard.com/investment-products/etfs/profile/voo,2,ETFs
BackOutrageous553,kxflkyp,2024-03-31,/r/ETFs/comments/1bsah41/dumb_question_but_how_do_you_invest_in_voo/kxflkyp/,"Just wanted to make sure you knew that once you pick your broker (I use vanguard), you‚Äôll deposit money into your account (it is called your settlement account or money market fund, but think of it as a normal bank account), but then you have to use that money in your deposited account  to actually BUY VOO.

Sounds obvious - but I have heard of beginners to investing thinking they were investing in something, but not realizing their money was just sitting in a settlement (cash) account üòÖ",2,ETFs
CourtMean7983,kxd4252,2024-03-31,/r/ETFs/comments/1brvug5/i_have_vti_voo_and_spy_what_now/kxd4252/,You can always tax loss harvest between voo and vti. Not considered a wash sale when doing so.,6,ETFs
BigPlayCrypto,kxf39oh,2024-03-31,/r/ETFs/comments/1bsah41/dumb_question_but_how_do_you_invest_in_voo/kxf39oh/,Invest in VOO simple on almost all exchanges even Cash App its available,1,ETFs
AICHEngineer,kxea5zt,2024-03-31,/r/ETFs/comments/1bsah41/dumb_question_but_how_do_you_invest_in_voo/kxea5zt/,"Fidelity. Start by going on your computers browser and go to fidelity.com. If you have earned income, you should start investing in an IRA, and if you exceed that, open a brokerage account. This process will take a few days whether you open an IRA or brokerage or both since fidelity will need to do an EFT (electronic funds transfer) test between your bank account and your investment account. This can take a couple days. Once that's settled and you send money over, go to the search bar in the fidelity website and type in VOO, then click the big green buy button. Under the buy conditions just select ""market order"", select ""dollars"" and just enter the amount of cash in your account. It will then buy as many shares as possible at the current bid/ask spread with the amount of dollars you offered up. Fidelity does fractional shares, so you will be able to get partial cost bases to utilize a maximal amount of your cash.



The fidelity brokerage account can also be used as a form of rainy day savings account, since you can set your default cash position to SPAXX which is a money market fund getting around 5% per year these days.",17,ETFs
thesunisforevergone,kxbtlbm,2024-03-31,/r/ETFs/comments/1brvug5/i_have_vti_voo_and_spy_what_now/kxbtlbm/,VOO all the way and forget it.,16,ETFs
nellyb84,kxg3d17,2024-03-31,/r/ETFs/comments/1brvug5/i_have_vti_voo_and_spy_what_now/kxg3d17/,"1. Why VOO over spy or ivv? Just curious why redditors like VOO over other sp500 indexes.

2. I have a bunch of XLK (tech) and SCHD (dividends)‚Ä¶ what next?",2,ETFs
Winter-Bag-Lady,kxc2lhn,2024-03-31,/r/ETFs/comments/1brvug5/i_have_vti_voo_and_spy_what_now/kxc2lhn/,"I wouldn't worry about the overlap too much.  VOO is my pick, but all three are conservative wins for long term investors.  You could look at a REIT like O as well.",1,ETFs
grumpy_wizard41,kxf54u4,2024-03-31,/r/ETFs/comments/1bsah41/dumb_question_but_how_do_you_invest_in_voo/kxf54u4/,"Go to Interactive brokers, open account, fund it and just buy VOO.",1,ETFs
doubletrouble1792,kxm5k8m,2024-04-01,/r/ETFs/comments/1btgdoi/call_me_crazy_but_moved_everything_into_voo/kxm5k8m/,All you need is voo,2,ETFs
OneJoeToTheRight,kxltrdw,2024-04-01,/r/ETFs/comments/1btgdoi/call_me_crazy_but_moved_everything_into_voo/kxltrdw/,VOO is better than 99% of portfolios out there,124,ETFs
Swole_Bodry,kxma0bv,2024-04-01,/r/ETFs/comments/1btgdoi/call_me_crazy_but_moved_everything_into_voo/kxma0bv/,"80% VOO 10% VXUS 10% REIT is an okay portfolio. I personally do not overweight REIT‚Äôs since REIT returns are well explained by the value size term and credit factors, so I can get comparable returns through a combination of small cap value stocks and high yield bonds without the risks idiosyncratic to the real estate sector. Because of this it doesn‚Äôt really make sense to overweight REIT‚Äôs in excess of their market cap weights",1,ETFs
thefreewheeler,kxlzc01,2024-04-01,/r/ETFs/comments/1btgdoi/call_me_crazy_but_moved_everything_into_voo/kxlzc01/,"REIT has been a tough segment. At this level of investment, I'd just pour it all into VOO honestly.",16,ETFs
InvestingRob,kxm5u56,2024-04-01,/r/ETFs/comments/1btgdoi/call_me_crazy_but_moved_everything_into_voo/kxm5u56/,VOO rocks!,6,ETFs
Adude2024,kxm9ge6,2024-04-01,/r/ETFs/comments/1btgdoi/call_me_crazy_but_moved_everything_into_voo/kxm9ge6/,"not at all. like someone  posted in another thread.  someone's uncle retired with only SPY after 25 yrs. You can't go wrong with VTI, VOO, or SPY.",8,ETFs
Less_Calligrapher388,kxmar9k,2024-04-01,/r/ETFs/comments/1btgdoi/call_me_crazy_but_moved_everything_into_voo/kxmar9k/,"Fair and no thanks. As a wiseman once said, VOO and chill",29,ETFs
danvapes_,kxmcecm,2024-04-01,/r/ETFs/comments/1btgdoi/call_me_crazy_but_moved_everything_into_voo/kxmcecm/,I'm doing straight VOO in my IRA as well. Use a target date fund for my 401k. So I feel pretty diversified as far as retirement investments go.,1,ETFs
nelsonreddwall,kxlobis,2024-04-01,/r/ETFs/comments/1btdywu/just_started_my_monthly_voo_investments_today/kxlobis/,How much are going investing monthly into VOO?,3,ETFs
RastamonGanja,kxltmsj,2024-04-01,/r/ETFs/comments/1btdywu/just_started_my_monthly_voo_investments_today/kxltmsj/,What is VOO?,1,ETFs
Crackbreaker,kxltsho,2024-04-01,/r/ETFs/comments/1btdywu/just_started_my_monthly_voo_investments_today/kxltsho/,What do you mean by learning? What's there to learn about making deposits into that VOO periodically? I want to learn more as well hence asking.,0,ETFs
MikeBert97,kxlmmj1,2024-04-01,/r/ETFs/comments/1btdywu/just_started_my_monthly_voo_investments_today/kxlmmj1/,I already have an ETF in my Roth IRA. VOO is going in my brokerage in case I decide I want to retire early from the gainz and then live off VOO for like 10-20 years until I am able to withdrawal from my Roth IRA,9,ETFs
Miami_chris,kxlt4hx,2024-04-01,/r/ETFs/comments/1btdywu/just_started_my_monthly_voo_investments_today/kxlt4hx/,Yea my comment was more if you guys were looking to buy a house in two years from now. If you guys are looking to move relatively soon the. It wouldn‚Äôt make much sense to park your money for a while. But here‚Äôs to VOO retiring us both! üçæ,3,ETFs
the_leviathan711,kxm7ery,2024-04-01,/r/ETFs/comments/1btdywu/just_started_my_monthly_voo_investments_today/kxm7ery/,"It has a 0.89% expense ratio. VOO has an expense ratio of 0.03%. It's a mid cap blend, which is a particularly strange thing to go all in on imho.

Anyway, thank you for patriotic love of taxes! You're helping fund our schools and roads and parks!",0,ETFs
bomblance,kxmeiwi,2024-04-01,/r/ETFs/comments/1btgdoi/call_me_crazy_but_moved_everything_into_voo/kxmeiwi/,"I've read some threads disapproving of it, but VOO/ IYW seems to be working pretty well for me.",1,ETFs
ideas4mac,kxll1yy,2024-04-01,/r/ETFs/comments/1btdywu/just_started_my_monthly_voo_investments_today/kxll1yy/,Is the plan to add another two or three ETFs to balance VOO out somewhere down the road?,4,ETFs
krombopulousnathan,kxq26l4,2024-04-02,/r/ETFs/comments/1btgdoi/call_me_crazy_but_moved_everything_into_voo/kxq26l4/,"Prob things incredibly similar to VOO, like VUG",1,ETFs
MrAndrewJackson,kxqqver,2024-04-02,/r/ETFs/comments/1btgdoi/call_me_crazy_but_moved_everything_into_voo/kxqqver/,"This is total US so more like VTI not VOO but VTI is like 80%+ S&P500 already so it's close. The second chart in this article is a good visual of US vs. International performance.

[https://avidianwealth.com/financial-insights/articles/international-stock-outperformance/](https://avidianwealth.com/financial-insights/articles/international-stock-outperformance/)  


These are rolling 5 year returns not annual; if you looked at annual there were certainly times when international outperformed domestic in the past 15 years.",1,ETFs
OG_AHNUBIS,kxo7umm,2024-04-02,/r/ETFs/comments/1btgdoi/call_me_crazy_but_moved_everything_into_voo/kxo7umm/,Would like to see what you‚Äôre pushing if not VOO. I‚Äôm on IVV instead of VOO. I‚Äôm new tho.,3,ETFs
StarDestroyer175,kxolr4p,2024-04-02,/r/ETFs/comments/1btgdoi/call_me_crazy_but_moved_everything_into_voo/kxolr4p/,"I tried doing a shit ton of research when I started investing, now 90% of my money is in VOO lmao",5,ETFs
Radrezzz,kxpgt6z,2024-04-02,/r/ETFs/comments/1btgdoi/call_me_crazy_but_moved_everything_into_voo/kxpgt6z/,VOO is already diversified.,0,ETFs
Less_Calligrapher388,kxq4wmy,2024-04-02,/r/ETFs/comments/1btgdoi/call_me_crazy_but_moved_everything_into_voo/kxq4wmy/,What is a good VOO type stock for small cap,1,ETFs
Name-Initial,kxq0h3y,2024-04-02,/r/ETFs/comments/1btgdoi/call_me_crazy_but_moved_everything_into_voo/kxq0h3y/,"This is what, like, 3k? 2.5k

Theres very little reason to overanalyze your holdings at this level of investment. If you spent 10 hours researching and rebalancing and whatever, and beat the market by 1% (which is like, insanely good and very unrealistic,) you would only have netted like 3$ for that 10 hours of work.

Just voo+vxus and chill dude. No reason to worry about your portfolio beyond that unless you have a significant amount where 0-1% is actually a sun of money that matters.",1,ETFs
37347,kxpxopd,2024-04-02,/r/ETFs/comments/1btgdoi/call_me_crazy_but_moved_everything_into_voo/kxpxopd/,Vti and voo is simple. No need to complicate it. JL Collins explains it.,1,ETFs
MrAndrewJackson,kxnn9r9,2024-04-02,/r/ETFs/comments/1btgdoi/call_me_crazy_but_moved_everything_into_voo/kxnn9r9/,"Looks like a bad move, mate. Do you move back when VXUS outperforms VOO for a couple of years in a row? This is a classic buy low sell high as if I've ever seen. What is your reasoning for going VOO? Besides the 1 year rate of return? Since you didn't explain I assume that was the extent of your analysis

Those fund managers Vanguard have 10 year forecasts for US equity vs International equity and I think US was around 4% and Intl was like 7% annualized.

Regardless, since we are emotional beings, and emotions are detrimental to long term returns, you have to have very high level of conviction to stick with one strategy for the long term. Some people decide that market cap weighted passive investing is the best way to take the emotion out of investing. This would be close to 60/40 VTI/VXUS. Others look for factors to maximize risk adjusted rate of return. Others prefer active managers while still being sufficiently diversified across company size, location, sector, and quality. These are sensible options to me since you have concrete rules to how the portfolios are constructed. Going with arbitrary weightings like 80/10/10 is likely going to make you change your mind when one of the positions is under performing for several years, especially since s&p500 is all large cap domestic equities, heavily concentrated in the technological sector. This  sector is known to go through very long and bad cycles for investment returns.",1,ETFs
TheMindsEIyIe,kxnyc23,2024-04-02,/r/ETFs/comments/1btgdoi/call_me_crazy_but_moved_everything_into_voo/kxnyc23/,"I think this thread is what I needed to move my 401k from a target date fund to s&p 500 mutual fund. My roth ira is already about 70% voo 30% ftec and I figured I'd keep the 401k more conservative, but the underperformance is frustrating",1,ETFs
Xzyrvex,kxr9umi,2024-04-02,/r/ETFs/comments/1bu9t4u/moving_from_vti_to_voo/kxr9umi/,"Not taxable since it's in a Roth IRA, both of them are extremely similar but I prefer VOO over VTI. If you want even lower expense ratio then I would go with FXAIX at .015% compared to VOO at 0.03%.",6,ETFs
sooshi_wolf,kxppjuq,2024-04-02,/r/ETFs/comments/1btdywu/just_started_my_monthly_voo_investments_today/kxppjuq/,Don‚Äôt you have to buy all of VOO which is like 470$? Or do you just keep adding money until you buy the fund?,1,ETFs
RastamonGanja,kxmp4p2,2024-04-02,/r/ETFs/comments/1btdywu/just_started_my_monthly_voo_investments_today/kxmp4p2/,Can I get this through fidelity? I have an extra 40-50k I was going to move into my money market but maybe I should get a little bit of VOO instead? Sorry I‚Äôm a super noob grew up poor so this is all very new to me.,3,ETFs
Welcomemoney,kxnmytd,2024-04-02,/r/ETFs/comments/1btdywu/just_started_my_monthly_voo_investments_today/kxnmytd/,"Yes, you can buy VOO within a Fidelity account.",1,ETFs
tdrip-y5,kxr9ysb,2024-04-02,/r/ETFs/comments/1bu9t4u/moving_from_vti_to_voo/kxr9ysb/,I would just start adding to VOO and from what I have gathered any realized gains in your Roth are still tax free.,11,ETFs
teckel,kxn4js6,2024-04-02,/r/ETFs/comments/1btgdoi/call_me_crazy_but_moved_everything_into_voo/kxn4js6/,"My portfolio, with no VOO

https://preview.redd.it/rep2ic2f9zrc1.jpeg?width=1080&format=pjpg&auto=webp&s=6944860e5bfdd165c40aa69ed03e81faa7070228",1,ETFs
Extra_Shopping3459,kxp52gv,2024-04-02,/r/ETFs/comments/1btgdoi/call_me_crazy_but_moved_everything_into_voo/kxp52gv/,"If you're investing long term, you can't go wrong with VOO",1,ETFs
HedgeGoy,kxn60lg,2024-04-02,/r/ETFs/comments/1btgdoi/call_me_crazy_but_moved_everything_into_voo/kxn60lg/,"The 1% is anything that is more diversified than the 500 largest stocks from a single nation who also have comparatively higher valuations (lower expected returns).

VT or VTI + VXUS is *objectively* more sensible and also has higher expected returns than VOO and past performance means absolutely nothing in arguing against that, by the way.

All that being said though, VOO is fine. And yes better than probably the majority of investors portfolios.",10,ETFs
ChiII_Bee,kxruim6,2024-04-02,/r/ETFs/comments/1btw3pe/60k_into_voo_at_25_years_old_wish_me_luck/kxruim6/,"When working with clients in the industry I am in I receive 80% of my sales focusing on 20% of my book - it‚Äôs called the 80/20 rule

Took that same approach with VOO - I am going to invest in the top 500 companies for long term growth instead of a larger pool of small market cap companies with VTI

My top clients never failed me and if the top 500 company‚Äôs plummet then there are bigger issues at stake

I also purchased at 480 so if the price drops to 380 that‚Äôs a 21% loss. That 21% loss for me will be 12k. I can live with that because I make up for it with 5 paychecks 

Plus who cares if I lose 12k in a year, I‚Äôll just buy more shares

We will see where I am at in 10 years",2,ETFs
catsandcars,kxmnibw,2024-04-02,/r/ETFs/comments/1btgdoi/call_me_crazy_but_moved_everything_into_voo/kxmnibw/,"No, voo is s&p 500 
Vti is meant to be the whole US Market",3,ETFs
Historical_Ebb_7777,kxpcqvz,2024-04-02,/r/ETFs/comments/1btw3pe/60k_into_voo_at_25_years_old_wish_me_luck/kxpcqvz/,"Vti follows voo very similar , Vxus is ex-us for more international diversity.",3,ETFs
sbeau87,kxqsc92,2024-04-02,/r/ETFs/comments/1brvug5/i_have_vti_voo_and_spy_what_now/kxqsc92/,VTI and VOO usually go gradual. Long term investments.,1,ETFs
Ark0504,kxmm0tq,2024-04-02,/r/ETFs/comments/1btgdoi/call_me_crazy_but_moved_everything_into_voo/kxmm0tq/,VOO VOO VOO,2,ETFs
NomadTruckerOTR,kxpoger,2024-04-02,/r/ETFs/comments/1btw3pe/60k_into_voo_at_25_years_old_wish_me_luck/kxpoger/,"I was a little abrasive, sure. There's no need to zoom call. I'll give you free alpha right here. 

The rate environment right now is favorable to cash. You can hold your cash in a brokerage account that pays 5% APY. You don't have to Yolo it all into VOO which (If it stays flat) will actually produce less income than the cash. 

Market doesn't just go up indefinitely.  Its in need of a correction now. On red days, buy small portions of ETFs or stocks that you like. Add them up over time.",0,ETFs
Historical_Ebb_7777,kxpcu9k,2024-04-02,/r/ETFs/comments/1btw3pe/60k_into_voo_at_25_years_old_wish_me_luck/kxpcu9k/,I have my Roth vti and vxus but voo itself is more then amazing,2,ETFs
NomadTruckerOTR,kxpsmgx,2024-04-02,/r/ETFs/comments/1btw3pe/60k_into_voo_at_25_years_old_wish_me_luck/kxpsmgx/,"Good points. The difference is, is that this market is even more  overextended than this time last year. We don't break new ATHs every week for eternity. It just doesn't work like that. 

With the whole ""time in the market"" debate, with interest rates on univested cash the way they are right now and with stock market with a very high chance of correction over the next year; I'm saying that the 5% return is a much safer bet than VOO at these levels over the next year. 

That being said, a slow DCA over said year (on red days)would no doubt provide a greater rate of return and new investor confidence",0,ETFs
ChiII_Bee,kxq0tjl,2024-04-02,/r/ETFs/comments/1btw3pe/60k_into_voo_at_25_years_old_wish_me_luck/kxq0tjl/,I‚Äôm going to be honest. You‚Äôre kind of saying a whole lot of nothing to me. If I buy VOO today will it be a lot less in 10 years?,2,ETFs
krombopulousnathan,kxq2w05,2024-04-02,/r/ETFs/comments/1btgdoi/call_me_crazy_but_moved_everything_into_voo/kxq2w05/,When was the last time VXUS outperformed VOO?,1,ETFs
ChiII_Bee,kxq1s4h,2024-04-02,/r/ETFs/comments/1btw3pe/60k_into_voo_at_25_years_old_wish_me_luck/kxq1s4h/,"I‚Äôm on a 82k yearly salary, living with my parents, ~$8k in yearly expenses and I just put 60k into VOO for long term gains. 

Thanks for your insight but I am not trying to get rich overnight",2,ETFs
Amazing_Action9117,kxmppei,2024-04-02,/r/ETFs/comments/1btgdoi/call_me_crazy_but_moved_everything_into_voo/kxmppei/,We are very happy with our VOO returns ‚ù§Ô∏è,3,ETFs
where-ya-headed,kxoymn9,2024-04-02,/r/ETFs/comments/1btgdoi/call_me_crazy_but_moved_everything_into_voo/kxoymn9/,"Someone give me a quick breakdown between VTI, VOO, and VXUS. thanks ‚ò∫Ô∏è",3,ETFs
Careless-Seaweed7914,kxml02g,2024-04-02,/r/ETFs/comments/1btgdoi/call_me_crazy_but_moved_everything_into_voo/kxml02g/,Is Voo any Vti the same thing?,2,ETFs
bpstclair,kxmxqxj,2024-04-02,/r/ETFs/comments/1btgdoi/call_me_crazy_but_moved_everything_into_voo/kxmxqxj/,You can‚Äôt go wrong with VOO long term.,1,ETFs
Iron980,kxmh1ar,2024-04-02,/r/ETFs/comments/1btgdoi/call_me_crazy_but_moved_everything_into_voo/kxmh1ar/,"Im kinda new to this, what is VOO?",1,ETFs
AlpaGenty,kxpxmph,2024-04-02,/r/ETFs/comments/1btw3pe/60k_into_voo_at_25_years_old_wish_me_luck/kxpxmph/,Yes. VOO is index fund that track the sp500.,1,ETFs
krombopulousnathan,kxq2kax,2024-04-02,/r/ETFs/comments/1btgdoi/call_me_crazy_but_moved_everything_into_voo/kxq2kax/,"VOO: Fortune 500

VTI: total US

VXUS: international",5,ETFs
brandonAlexander21,kxmizt0,2024-04-02,/r/ETFs/comments/1btgdoi/call_me_crazy_but_moved_everything_into_voo/kxmizt0/,VOO and chill,4,ETFs
NativeTxn7,kxq0h8b,2024-04-02,/r/ETFs/comments/1bu3l1e/spy_or_voo_or_does_it_matter/kxq0h8b/,"SPY has much higher volume, so use it if you are trading it or using options with it. If you're just buying and holding for the long-run, go with VOO, IVV, or SPLG.

All 4 of these track the S&P 500, but VOO, IVV, and SPLG all cost less than SPY.

So, unless you needed the high volume of SPY for trading and/or options, there's really no reason, IMO, not to use one of the other three options instead to capture the lower expense ratio.

One caveat - if you are holding SPY in a taxable account and there is a decent amount of unrealized gains built into it right now, there is no reason to sell it (the expense ratio difference isn't going to make or break you long-term). Just start putting future money into one of the other three for the lower expense ratio.",10,ETFs
Distance_Runner,kxojzdd,2024-04-02,/r/ETFs/comments/1btw3pe/60k_into_voo_at_25_years_old_wish_me_luck/kxojzdd/,You don‚Äôt need luck. You have VOO,142,ETFs
johndawkins1965,kxrakss,2024-04-02,/r/ETFs/comments/1bu0a0p/sorry_i_bought_voo_peak/kxrakss/,I bought voo at 482 and I regret it.   When it was at 454. I was trying to time the market and it kept going up and slightly coming down. I got tired and just bought at 482.     It hasn‚Äôt been back to 482 in 2 weeks about,1,ETFs
TokesBro,kxqatrl,2024-04-02,/r/ETFs/comments/1bu0a0p/sorry_i_bought_voo_peak/kxqatrl/,I really try to set 2k aside every month. I buy on days when it gets in the -1% range (I bought 1VOO earlier today). Figure this is the most logical way to time the market since there‚Äôs usually some of those every month.,14,ETFs
teckel,kxp183p,2024-04-02,/r/ETFs/comments/1btw3pe/60k_into_voo_at_25_years_old_wish_me_luck/kxp183p/,"Maybe you should have waited till at least this morning üòú  Or dollar cost averaged your entry.

Anyway... I probably wouldn't go all in on VOO right now, with a P/E over 25. I'd probably do 50% VOO, with the remaining divided up between small-cap value, large-cap developed markets international, and T-Bills. Maybe dividend-focused value as well.

But good luck in any case!",3,ETFs
The_Nauticus,kxpgc3j,2024-04-02,/r/ETFs/comments/1btw3pe/60k_into_voo_at_25_years_old_wish_me_luck/kxpgc3j/,Same - I started pumping $ into VOO January 2020.  Took some courage to put more in after the drop in March/April 2020.,4,ETFs
NomadTruckerOTR,kxpltt0,2024-04-02,/r/ETFs/comments/1btw3pe/60k_into_voo_at_25_years_old_wish_me_luck/kxpltt0/,Lmao. This isn't how you invest. You don't YOLO into the VOO. you build a position slowly on dips. You're going to be pissed when the market corrects and you have little buying power,-5,ETFs
kweefybeefy,kxrtj3q,2024-04-02,/r/ETFs/comments/1btw3pe/60k_into_voo_at_25_years_old_wish_me_luck/kxrtj3q/,"Question for ya

Why VOO over VTI?

I have 30k I need to put somewhere",1,ETFs
Franchise1109,kxmi2sw,2024-04-02,/r/ETFs/comments/1btgdoi/call_me_crazy_but_moved_everything_into_voo/kxmi2sw/,Yep I‚Äôm about to switch my ROTH to basically all VOO,4,ETFs
jaceeisworth,kxqy8l5,2024-04-02,/r/ETFs/comments/1btw3pe/60k_into_voo_at_25_years_old_wish_me_luck/kxqy8l5/,Got $45k in VOO at 21. I‚Äôm right there with you boss ü´°,2,ETFs
PennystockScalper,kxrh5ar,2024-04-02,/r/ETFs/comments/1bu0a0p/sorry_i_bought_voo_peak/kxrh5ar/,Don‚Äôt worry you‚Äôre not the only boomer on here who thinks ‚Äòmarket go up‚Äô I wouldn‚Äôt touch VOO with a 10ft pole at these levels,-1,ETFs
NW_Islander,kxqhz1y,2024-04-02,/r/ETFs/comments/1btw3pe/60k_into_voo_at_25_years_old_wish_me_luck/kxqhz1y/,"Wild. VOO was the first ETF I came across when reviewing VFIAX, and I came to r/ETFs to see what other ETFs redditors own, and learn more about ETF investing. Happy to see I'm down the right rabbit hole.",2,ETFs
ElectronicWar1480,kxpsxrq,2024-04-02,/r/ETFs/comments/1btw3pe/60k_into_voo_at_25_years_old_wish_me_luck/kxpsxrq/,wait is VOO and s&p 500 the same thing?,2,ETFs
SavingsGullible90,kxovape,2024-04-02,/r/ETFs/comments/1btw3pe/60k_into_voo_at_25_years_old_wish_me_luck/kxovape/,Voo and luck? VOO is exactly designed for your profile.No need to worry:),3,ETFs
where-ya-headed,kxozar8,2024-04-02,/r/ETFs/comments/1btw3pe/60k_into_voo_at_25_years_old_wish_me_luck/kxozar8/,"I‚Äôm new to this, what decisions go into picking VOO versus VTI and or VXUS, etc. ??",3,ETFs
SunsetDon,kxpycqe,2024-04-02,/r/ETFs/comments/1btw3pe/60k_into_voo_at_25_years_old_wish_me_luck/kxpycqe/,VOO is like a giant Redwood tree‚Ä¶ Just set the seed and watch it grow,5,ETFs
Midnightsun24c,kxrmud0,2024-04-02,/r/ETFs/comments/1bu9t4u/moving_from_vti_to_voo/kxrmud0/,"If you really want to avoid trading friction, just add VOO, but idk why someone would pick it over VTI.",10,ETFs
Valuable-Analyst-464,kxoqo8s,2024-04-02,/r/ETFs/comments/1btw3pe/60k_into_voo_at_25_years_old_wish_me_luck/kxoqo8s/,"Excellent. Leave it for at least 30 years. One way door, more goes into that, and nothing comes out or changes to something else. 
If you want something else, use $ to buy in. Don‚Äôt sell VOO to rebalance. 

This tree is going to grow and bear sweet fruit later in life.",13,ETFs
Sebastian-S,kxq6o8l,2024-04-02,/r/ETFs/comments/1btgdoi/call_me_crazy_but_moved_everything_into_voo/kxq6o8l/,"Good move, I‚Äôve got everything in VOO",2,ETFs
HabitExternal9256,kxqfjnz,2024-04-02,/r/ETFs/comments/1btw3pe/60k_into_voo_at_25_years_old_wish_me_luck/kxqfjnz/,"Keep buying and never sell. Remember even during recessions, you still earn dividends on VOO.",2,ETFs
MatterSignificant969,kxri5se,2024-04-02,/r/ETFs/comments/1bu9t4u/moving_from_vti_to_voo/kxri5se/,Why bother selling VTI and VOO? They both have almost identical returns over the long term and VTI has extra diversification. Seems like all you're doing is paying bid/ask spread fees.,29,ETFs
RaCigs,kxoy6f5,2024-04-02,/r/ETFs/comments/1btw3pe/60k_into_voo_at_25_years_old_wish_me_luck/kxoy6f5/,"Nice! My Roth is 100% VOO I‚Äôm 31, let‚Äôs see where we are in 30 years haha",8,ETFs
Swole_Bodry,kxrhelk,2024-04-02,/r/ETFs/comments/1bu9t4u/moving_from_vti_to_voo/kxrhelk/,Why the preference for VOO over VTI.,1,ETFs
boxofninjas,kxrcy2q,2024-04-02,/r/ETFs/comments/1bu9t4u/moving_from_vti_to_voo/kxrcy2q/,"Why not just leave VTI as is and buy VOO from now onwards. 99% of VOO holding are in VTI, so you will just be more concentrated in the VOO holding going forward.",7,ETFs
Aggravating_Can_8749,kxqzxa8,2024-04-02,/r/ETFs/comments/1bu0a0p/sorry_i_bought_voo_peak/kxqzxa8/,I brought VOO during 2021 peak... 2022 was hard to bear but it's all okay now,1,ETFs
AICHEngineer,kxpeol2,2024-04-02,/r/ETFs/comments/1bu0a0p/sorry_i_bought_voo_peak/kxpeol2/,"Sorry guys, I've been buying VOO since I started work in summer 2022, market knew I didn't deserve long term gains",14,ETFs
Early-Grape-9078,kxqygut,2024-04-02,/r/ETFs/comments/1bu3l1e/spy_or_voo_or_does_it_matter/kxqygut/,Why not go SPLG over VOO? Or do these matter in the same ways described. Just seems like the ER and price per share is better.,2,ETFs
Big-Farm6638,kxqba59,2024-04-02,/r/ETFs/comments/1bu3l1e/spy_or_voo_or_does_it_matter/kxqba59/,"Appreciate the thorough breakdown. That‚Äôs what I was thinking of doing as well - don‚Äôt sell anything right now, but move all future buys into VOO rather than SPY.",3,ETFs
SavingsGullible90,kxq7mo5,2024-04-02,/r/ETFs/comments/1bu3l1e/spy_or_voo_or_does_it_matter/kxq7mo5/,Voo is your way,0,ETFs
es_cl,kxq7cj6,2024-04-02,/r/ETFs/comments/1bu3l1e/spy_or_voo_or_does_it_matter/kxq7cj6/,"SPY is better for trading due to its daily options.¬†

VOO is better for longterm holding due to its lower ER.¬†",3,ETFs
Funtime69_69_,kxrjdr2,2024-04-02,/r/ETFs/comments/1bu5pkz/50_voo_25_vgt_25_schd/kxrjdr2/,Hello what if I put 100k into voo do you think that will be smart ? I‚Äôm 28 I‚Äôm looking for passive income but I‚Äôm new to investing trying to figure out what‚Äôs best for me,3,ETFs
NativeTxn7,kxr4wi6,2024-04-02,/r/ETFs/comments/1bu3l1e/spy_or_voo_or_does_it_matter/kxr4wi6/,"Full disclosure, I personally use SPLG any time I'm wanting an S&P 500 index ETF. Long-term the returns on each should track very closely so you can use either.

The expense ratio on SPLG is 0.02% and it's 0.03% on VOO, so there is no meaningful difference there.

If you're at a brokerage that does **not** allow purchase of partial shares, then you could go with SPLG to likely be able to get more of your cash invested (though the little bit of cash you couldn't invest probably wouldn't matter too much in the long run). But if you're at a brokerage like Fidelity that allows purchase of partial shares, there should be no difference which one you use.

The key is how much you invest, not the number of shares you own.

For example, if you are at Fidelity and can just invest dollar amounts and it will buy partial shares and you invested $20,000 into VOO, you'd get about 41.935 shares at today's close and if you invested $20,000 into SPLG, you'd get about 327.708 shares. So, while you have more shares of SPLG, you still have $20,000 worth of an S&P 500 index in the end. And since they should track very closely, the returns should be the same (or very, very similar).

If you're at another brokerage with no partial shares of ETFs (e.g. Schwab), it would be approximately as follows - with VOO, you'd buy 41 shares and have $445.87 sitting in cash. With SPLG, you'd have 327 shares and have $43.19 sitting in cash. 

So, SPLG would allow you to get more of your cash invested, but as I said, that \~$400 difference probably isn't going to make much of a long-term difference.

Bottom line, is that IVV, VOO, SPLG are all effectively the same - they track the S&P 500 at a very low cost (either 0.02% or 0.03%) - and you would be fine investing in any of them.",4,ETFs
External_Rise_6121,kxqnu0t,2024-04-02,/r/ETFs/comments/1bu5pkz/50_voo_25_vgt_25_schd/kxqnu0t/,Would 80/20 VOO and VXUS be better?,3,ETFs
nickdolin,kxrrwvm,2024-04-02,/r/ETFs/comments/1bu5pkz/50_voo_25_vgt_25_schd/kxrrwvm/,"At your age, I'd go as aggressive as I could, maybe 50/50 VOO/VGT.   Factor in dividends as you get older.",1,ETFs
AICHEngineer,kxqk498,2024-04-02,/r/ETFs/comments/1bu5pkz/50_voo_25_vgt_25_schd/kxqk498/,"Dividend focus is never relevant in any portfolio. Just focus on broad diversification and whether or not you want exposure to risk premia. This means more or less equity allocation for exposure to stocks vs risk free assets as well as whether you want to over weight to value risks, Small CPAs, profitability, or reinvestment factors. SCHD is more valuey than a blend like VOO. VGT is just silly at these valuations, just don't bro. 

Also, you're 100% US which isn't a super great idea. Maybe add VEA or VXUS if you want emerging markets.",4,ETFs
Glass-Lifeguard1919,kxr3bgi,2024-04-02,/r/ETFs/comments/1bu5pkz/50_voo_25_vgt_25_schd/kxr3bgi/,"That's a perfectly fine ratio, don't let people talk you out of schd... it's one of best etfs to pair with VOO. Very little overlap. SCHD invests in safer companies so your floor will be lower in bad years. Plus SCHD grows it's dividend every year.  When you get ready to retire, your dividend to cost might look something like 15-20%. Look at the dividends Warren buffet gets from just holding an initial investment of KO.",13,ETFs
WorldlinessOk2694,kxqfy74,2024-04-02,/r/ETFs/comments/1bu5pkz/50_voo_25_vgt_25_schd/kxqfy74/,Dividends are un-necessary at your age. I‚Äôd put that percentage into VOO,12,ETFs
teckel,kxroda4,2024-04-02,/r/ETFs/comments/1bu9t4u/moving_from_vti_to_voo/kxroda4/,"EXACTLY!  My dude doesn't even understand what kind of account he has and he's over thinking VTI vs VOO, like he's going to miss out on some kind of windfall if he doesn't switch.

I believe this ""don't duplicate"" narrative is getting to people. It's absolutely harmless to own both VTI and VOO, and their returns are not enough different to even give it a second thought.",1,ETFs
Diamondcrumbles,kxpus93,2024-04-02,/r/ETFs/comments/1btw3pe/60k_into_voo_at_25_years_old_wish_me_luck/kxpus93/,"VOO is the s&p index with the lowest fees, which is why everyone is using and recommending it. 

The reason S&P is safe is because the only way the stock can really go down, is if the us economy collapses, in which case you would have lost your money in any investment. However, if the us economy survives, the s&p will again be profitable. 

Basically, you buy and hold and let compound interest make you a millionaire. Pretty much the only thing that can prevent it is nuclear war, and if you think nuclear war is likely you have other things to worry about than investments.",5,ETFs
nickdolin,kxrtm42,2024-04-02,/r/ETFs/comments/1bu9t4u/moving_from_vti_to_voo/kxrtm42/,"I'll echo others, just leave your VTI holdings alone and begin buying VOO.  Out of the two I'd go VOO anyway as the miniscule holdings in VTI that make it ""total market"" are very insignificant and don't do much positive or negative to it.",1,ETFs
Eddie_Mush,kxsdxor,2024-04-03,/r/ETFs/comments/1btw3pe/60k_into_voo_at_25_years_old_wish_me_luck/kxsdxor/,I have $100K in VOO. Godspeed,3,ETFs
Impossible_Donut8185,kxvhubk,2024-04-03,/r/ETFs/comments/1btw3pe/60k_into_voo_at_25_years_old_wish_me_luck/kxvhubk/,"About to make a similar move myself. Curious what made you choose the VOO ETF over the VFIAX mutual fund. I know the expense ratio is slightly higher on the MF, but it would allow recurring investments. Personally planning on an intial lump sum followed by paycheck % moving forward.",3,ETFs
Ok-Charge-6574,kxtg1dd,2024-04-03,/r/ETFs/comments/1btgdoi/call_me_crazy_but_moved_everything_into_voo/kxtg1dd/,"Have held VTI for quite a while and though VOO usually track's nearly the same as VTI. Voo is performing better as of late. A little diversity in ones portfolio isn't necessarily needed but it's not a bad plan either  . Could get a small stake in XLU for the added div's. That's a nice get and hold ETF. Even SMH :though significantly higher expense ratio and a bit riskier, it has consistently performed fairly well.",1,ETFs
Stock_Airport_7329,kxw672b,2024-04-03,/r/ETFs/comments/1btw3pe/60k_into_voo_at_25_years_old_wish_me_luck/kxw672b/,Anyone knows the equivalent to VOO in the European market?,1,ETFs
Impossible_Donut8185,kxxbyqm,2024-04-03,/r/ETFs/comments/1btw3pe/60k_into_voo_at_25_years_old_wish_me_luck/kxxbyqm/,"Some info [here](https://www.etf.com/sections/etf-basics/vanguard-funds-voo-vs-vfiax#:~:text=The%20main%20differences%20between%20VOO,end%20of%20the%20trading%20day) but both track the S&P 500 and if you compare on Vanguard you'll see the performance numbers are virtually the same. To paraphrase that article, my understanding is that VOO as an ETF can be traded intraday like a stock, so investors might enter a position at different price points. VFIAX as a mutual fund only trades once per day after the markets close. VFIAX expense ratio is 0.04% vs VOO 0.03%. I'm happy with that if it means I can set recurring investments into the fund. Other than that, if you're holding long term, no major differences as far as I can tell - but quite new to this and very happy to be enlightened if anyone else has insight.",2,ETFs
ChiII_Bee,kxwxl04,2024-04-03,/r/ETFs/comments/1btw3pe/60k_into_voo_at_25_years_old_wish_me_luck/kxwxl04/,"Thanks for being very specific unlike other people on here. VOO for long term - I had to pull the trigger if not I‚Äôll never do it seeking the perfect ‚Äúdiverse portfolio‚Äù

I‚Äôm new, I‚Äôll learn and try to layer in 2 other investments down the line",1,ETFs
Legitimate-Monk-3978,kxsdrkv,2024-04-03,/r/ETFs/comments/1bu0a0p/sorry_i_bought_voo_peak/kxsdrkv/,DVOO > VOO,1,ETFs
TheZo96,kxwm0yt,2024-04-03,/r/ETFs/comments/1btw3pe/60k_into_voo_at_25_years_old_wish_me_luck/kxwm0yt/,So I finally did it.. I dumped 90% into VOO and 10% into BND. üòÖ,2,ETFs
EastTank3593,kxs8jzs,2024-04-03,/r/ETFs/comments/1btgdoi/call_me_crazy_but_moved_everything_into_voo/kxs8jzs/,"I agree with you u/philman792 .  I think what most folks overlook though that there is a lot of power in the compounding of the reinvested  (currently \~ 8% dividend but has been as high as 13%) that is distributed monthly vs quarterly.  Basically giving you more and more shares and acting in a DCA like manner.  There is definitely a separation in performance as shown in the chart below. - I simply used JEPQ vs QQQ and the index itself with VOO for reference.  

I dont think JEPQ or JEPI are replacements for VOO - but I think they compliment it - more for long the long term in a non-taxable IRA so you dont potentially get hit with taxes on the dividends.

Personally - I have 4 primary ETFs that make up a good chunk of my portfolio.  VTI (20%), SPY (10 %), JEPQ (7.5%), JEPI (5%).  

https://preview.redd.it/dryvj76rr5sc1.jpeg?width=1454&format=pjpg&auto=webp&s=7e74f66521f83746a018758ec5ec26077d75f67e",2,ETFs
CourtMean7983,kxuskhd,2024-04-03,/r/ETFs/comments/1brvug5/i_have_vti_voo_and_spy_what_now/kxuskhd/,"So it‚Äôs an investment strategy to have holdings in two different ETFs that index the market in a similar fashion (in this example - VTI/VOO). In times of economic stress/market downturns, there becomes a tax advantage by selling one of the ETFs at a loss (to deduct the loss on your taxes) and immediately buying into the subsequent ETF during the market low. This allows the ETF you bought into to possibly grow into a larger capital gain since you bought into during market low and ultimately lowering your average cost per share. This isn‚Äôt considered a wash sale since the two ETFs do not have the exact same holdings.",2,ETFs
Low_Fix1000,kxumu9q,2024-04-03,/r/ETFs/comments/1btw3pe/60k_into_voo_at_25_years_old_wish_me_luck/kxumu9q/,Can I buy VOO now ? or what for a certain drop. I would be a first time buyer.,0,ETFs
Such-Art-6046,kxwwrdi,2024-04-03,/r/ETFs/comments/1btw3pe/60k_into_voo_at_25_years_old_wish_me_luck/kxwwrdi/,"Good luck with a portfolio of ""ONE"" investment.  Yea, I know, it has a lot of them and already diversified.  Tell that the clients of Bear Sterns or a few other investment firms that went down.  Sure, Vanguard is a good firm.  But all your eggs in ONE basket?  Not for me.  3 to 5 would be a good number.  In addition to VOO, you could consider something ""a little different"" such as precious metals ETF, such as RING, and maybe a BITCOIN ETF, such as IBIT.  If you absolutely hate bonds, and chose to use a zero bond portfolio, well at least you have some company, as I have almost no bonds in my portfolio currently, tho I may consider adding some.   Bonds tend to run counter cyclical to stocks, so, if you needed money, and stocks were down, you could sell some bonds and not have to take losses on stocks.  PDI is a bond fund which is pretty consistent at paying about a 12 percent plus dividend, so its a little hard not to keeps some in your portfolio, with them over 13 percent, now.",2,ETFs
coinslinger88,kxwr28w,2024-04-03,/r/ETFs/comments/1buvulh/just_starting_brokerage_account_at_40_help_with/kxwr28w/,$VOO is for homeless people,0,ETFs
Inexperienced-Trash1,kxsahyc,2024-04-03,/r/ETFs/comments/1buf5zo/voo/kxsahyc/,VOO and VTI are nearly identical. They track the S&P 500 index. They have 99% overlap. I would stick with one or the other.,1,ETFs
ChiefSteeph,kxsx7bn,2024-04-03,/r/ETFs/comments/1buf5zo/voo/kxsx7bn/,What pairs well with VOO/SCHD,2,ETFs
Pushinir0n,kxscxyc,2024-04-03,/r/ETFs/comments/1buf5zo/voo/kxscxyc/,VOO for life,3,ETFs
nickdolin,kxsebsz,2024-04-03,/r/ETFs/comments/1buf5zo/voo/kxsebsz/,"Like others said, VTI is basically VOO with a very small percentage of mid/small caps making up the difference. In fact, by market cap they overlap by 86%.  If you want, start a new position in VOO and keep what you have in VTI.",1,ETFs
thefreewheeler,kxsjef1,2024-04-03,/r/ETFs/comments/1buf5zo/voo/kxsjef1/,"No. VOO and VTI are nearly identical. Either are good, but not both.

Other ETFs I like are VXF, VONG, and VGT. Also watching VGE.",3,ETFs
SavingsGullible90,kxs9ndu,2024-04-03,/r/ETFs/comments/1buf5zo/voo/kxs9ndu/,Voo time !sit back and relax.Always VOO let it makes you rich overtime! No brainer!,3,ETFs
Fun_Grapefruit_3416,kxwl2i1,2024-04-03,/r/ETFs/comments/1buf5zo/voo/kxwl2i1/,No. You already have VOO within VTI and the target retirement date fund.,3,ETFs
Key-Mark4536,kxsmrdk,2024-04-03,/r/ETFs/comments/1buf5zo/voo/kxsmrdk/,"It's not a bad idea, but it wouldn‚Äôt add anything *new*. Others have mentioned that 80% of VTI would directly overlap with VOO, but also¬†VOO is about 40% of VFIFX (because VTI is 55% of VFIFX).¬†

SCHD and VYM are each about 70% US large cap, though being dividend-focused they would have different sector weights than the S&P (namely they wouldn‚Äôt be as Mag7-heavy.)",7,ETFs
Pushinir0n,kxsd695,2024-04-03,/r/ETFs/comments/1buf5zo/voo/kxsd695/,"Hey I‚Äôm new to investing I have a quick question . I have a Roth IRA Invested 200$ in vti. And I have a individual acc with 500$ invested in Voo. So basically I should sell the VTI , keep the Voo and invest the 200$ into something different ? Thanks",1,ETFs
Future_Man89,kxsdnsg,2024-04-03,/r/ETFs/comments/1buf5zo/voo/kxsdnsg/,You should keep the money in your Roth and focus on maxing that out and then put money in your taxable. I prefer VTI over VOO but you‚Äôd be fine with either. Of course do your own research between the two as well and make your choice.,2,ETFs
coinslinger88,kxwqx9i,2024-04-03,/r/ETFs/comments/1buybes/sso_vs_spyvoo/kxwqx9i/,$VOO is for people who hate money,1,ETFs
LAW9960,ky2zvyq,2024-04-04,/r/ETFs/comments/1bw0523/i_noticed_that_when_people_talk_about_their/ky2zvyq/,"Some platforms like M1 Finance or Fidelity Go let you create baskets like this to set percentages, which automatically distributs. Most however, you have to calculate on your own (i.e. if you add $100, $60 goes to VOO, $30 goes to VIG, etc)",4,ETFs
where-ya-headed,kxy7fne,2024-04-04,/r/ETFs/comments/1bu0a0p/sorry_i_bought_voo_peak/kxy7fne/,What‚Äôs the reasoning for one going all in with VOO versus VTI and or VTI/VXUS?,1,ETFs
BackgroundAgile7541,ky16fju,2024-04-04,/r/ETFs/comments/1buf5zo/voo/ky16fju/,Voo is great because you can do fractional buys.,1,ETFs
SteaknSalt,ky26awt,2024-04-04,/r/ETFs/comments/1btw3pe/60k_into_voo_at_25_years_old_wish_me_luck/ky26awt/,Same all in 2 days ago in VUG and VOO,2,ETFs
ThatPeace5,ky3j59s,2024-04-05,/r/ETFs/comments/1btw3pe/60k_into_voo_at_25_years_old_wish_me_luck/ky3j59s/,You can still invest in the Vanguard SP (VOO) while with fidelity. The only difference besides the obvious ETF vs Mutual fund is the expense ratio (0.15% difference from Fidelitys FXAIX). Which isn‚Äôt a huge deal imo.,1,ETFs
anbu-black-ops,ky4ugsl,2024-04-05,/r/ETFs/comments/1bwa9np/voo_question/ky4ugsl/,Splg is another alternative to voo if you cant buy fractional shares.  The price for one share is cheaper.,1,ETFs
DaemonTargaryen2024,ky4tvav,2024-04-05,/r/ETFs/comments/1bwa9np/voo_question/ky4tvav/,"VOO is already an index fund with a low expense ratio. 

You‚Äôre confusing ER with the share price (NAV). Doesn‚Äôt matter if VOO share price is $100 or $500, if your putting in say $1,000 you either own 10 shares or 2 shares, but you have $1000 in the fund either way",1,ETFs
